"id","full_name","address","id_type","registration_date"
1,"Chrotoem Ivashev","89 Heffernan Pass","driving licence","2024-01-23"
2,"Gibby Meade","4 Sullivan Plaza","SSN","2023-05-15"
3,"Hailey Ashlin","2 Lien Hill","SIN","2023-09-15"
4,"Frieda Doick","5 Jenifer Place","SIN","2023-01-16"
5,"Elonore Rodell","479 Old Shore Way","SSN","2022-09-09"
6,"Chico Manuello","00038 Badeau Point","SIN","2022-11-10"
7,"Sarene Scutter","7876 Eggendart Pass","SSN","2023-07-21"
8,"Alanna Allbones","88 Bluejay Pass","driving licence","2023-11-29"
9,"Hephzibah Jossel","94 Green Ridge Point","SSN","2024-03-06"
10,"Malvina Hughman","2 Prairieview Court","SIN","2023-08-21"
11,"Hanni Vannucci","6 Mendota Avenue","driving licence","2023-09-27"
12,"Ines Romao","592 Glacier Hill Plaza","SSN","2023-01-29"
13,"Kamila Staite","3 Carberry Circle","driving licence","2022-08-16"
14,"Quincey Egan","51 Ruskin Place","SSN","2022-09-03"
15,"Binny Starkings","60 Kingsford Alley","SSN","2024-02-26"
16,"Aubrey Race","4 Red Cloud Alley","driving licence","2024-02-25"
17,"Welbie Soutar","9732 Canary Road","driving licence","2024-01-28"
18,"Devland Durnan","16 Hoffman Street","SSN","2023-06-19"
19,"Jillayne Dabes","19450 Beilfuss Parkway","SSN","2024-02-25"
20,"Rollin Thorne","816 Utah Trail","SSN","2022-11-24"
21,"Marika Curness","9542 Continental Place","SSN","2022-12-18"
22,"Papagena Backs","68707 Old Shore Way","driving licence","2024-02-01"
23,"Siward Sarjant","4 Oriole Avenue","SIN","2023-06-30"
24,"Fallon Havick","06 Victoria Drive","SIN","2023-03-24"
25,"Zechariah Musker","6736 John Wall Lane","SSN","2024-01-18"
26,"Zandra Bearfoot","6516 Sutherland Plaza","SSN","2023-06-03"
27,"Win McGiven","734 Arrowood Alley","SSN","2022-10-10"
28,"Dorthea Overington","61311 Di Loreto Place","driving licence","2023-01-01"
29,"Brander Melhuish","7821 Warrior Junction","driving licence","2023-11-11"
30,"Amata Gleasane","76069 Sunbrook Junction","driving licence","2022-08-25"
31,"Elly Alexandersen","1817 John Wall Terrace","SSN","2022-09-29"
32,"Eada De Biaggi","89 Farragut Road","SSN","2023-02-13"
33,"Charline Doiley","34390 Portage Street","SIN","2023-03-03"
34,"Veradis Cissen","23062 Continental Point","driving licence","2022-08-21"
35,"Lev Aloigi","43941 Ruskin Court","SSN","2023-06-25"
36,"Tiphany O'Shee","0 Golden Leaf Way","SSN","2024-03-17"
37,"Phillipe Tant","3 Melody Street","SIN","2024-01-31"
38,"Aluin MacCaughen","311 Gina Hill","driving licence","2023-12-29"
39,"Poppy Hincham","5084 Autumn Leaf Avenue","SIN","2023-08-01"
40,"Brent Staples","445 Morningstar Parkway","SSN","2023-03-10"
41,"Giffy Schach","97871 Carberry Point","SSN","2022-11-19"
42,"Nev Wretham","3 Northridge Parkway","driving licence","2024-01-13"
43,"Igor Bisseker","03 Dorton Circle","SSN","2023-06-24"
44,"Price Roston","65251 Sunbrook Road","driving licence","2023-05-07"
45,"Mordecai Frodsham","57 Northland Crossing","SIN","2023-05-19"
46,"Hermon Probbings","7 Farwell Lane","SIN","2022-07-30"
47,"Trenton Romanelli","250 Rowland Parkway","SSN","2023-05-06"
48,"Yolande Berringer","7 Union Plaza","SIN","2023-04-27"
49,"Reta Sprigg","6 Dwight Parkway","driving licence","2022-11-01"
50,"Witty Kellock","9300 Helena Park","SSN","2023-11-24"
51,"Meara Swalteridge","3 Golf Lane","driving licence","2022-11-15"
52,"Osbert Heeps","62 International Avenue","SSN","2023-02-28"
53,"Mozes Oller","0852 Drewry Avenue","SIN","2022-12-05"
54,"Claresta Carneck","68 Luster Way","SIN","2023-11-17"
55,"Bianca Sacks","22 Hoard Court","driving licence","2022-08-20"
56,"Mitch Manz","95 Harbort Drive","SIN","2023-10-26"
57,"Robinetta Joincey","4 Delaware Point","SIN","2023-09-14"
58,"Huberto Snaden","0 Buell Plaza","driving licence","2023-01-05"
59,"Murdoch Shawcross","05590 Logan Junction","SSN","2024-03-01"
60,"Clo Vamplers","5 Spaight Way","SSN","2023-09-22"
61,"Salli Allcott","223 West Lane","driving licence","2023-11-27"
62,"Wylie Kellart","73 Lakewood Gardens Drive","SIN","2023-09-10"
63,"Ulrica Salasar","4 Wayridge Park","driving licence","2023-12-21"
64,"Donetta O' Dooley","9144 Hollow Ridge Plaza","driving licence","2023-03-26"
65,"Manon Killwick","0 Towne Place","SSN","2023-12-31"
66,"Bertrando Dyett","964 Lakeland Crossing","SIN","2022-08-06"
67,"Matthew Kunz","2 Spenser Crossing","driving licence","2022-09-18"
68,"Prissie Abramovicz","85 Crownhardt Junction","driving licence","2024-01-17"
69,"Lyle Kermode","1 Monterey Plaza","SIN","2024-02-29"
70,"Felike Fernely","8697 Sommers Street","SIN","2023-08-16"
71,"Nicola Hyams","22970 Shoshone Park","driving licence","2023-06-22"
72,"Genvieve Finkle","47986 Everett Alley","SSN","2022-09-12"
73,"Micky Gunnell","358 Main Pass","driving licence","2022-07-01"
74,"Ilario Tompsett","79093 Clemons Plaza","SIN","2022-12-18"
75,"Modesty Ramsby","3 Sugar Court","SSN","2023-10-18"
76,"Vladamir Eglese","5 Brickson Park Street","SSN","2022-09-09"
77,"Zia Yurasov","177 Elka Pass","SSN","2023-09-29"
78,"Barbara-anne Kilfedder","39 Rigney Road","SSN","2023-12-23"
79,"Candida Hatherell","9 Mandrake Alley","SIN","2022-10-08"
80,"Carling Frisch","93862 Myrtle Alley","driving licence","2022-10-23"
81,"Elfrida Leggat","1 Sutteridge Terrace","driving licence","2023-07-03"
82,"Lynnet Aughton","04 Golden Leaf Crossing","SIN","2023-11-09"
83,"Clio Steuhlmeyer","24 West Pass","SSN","2023-03-05"
84,"Ryann Madle","19 Donald Junction","driving licence","2022-08-26"
85,"Willette Tolan","1953 Killdeer Point","SIN","2023-07-25"
86,"Colene Szymczyk","080 Valley Edge Avenue","SSN","2023-08-29"
87,"Richardo Ivanin","33062 La Follette Drive","driving licence","2023-09-23"
88,"Annadiana Elner","5 Northview Lane","SIN","2022-12-01"
89,"Erin Cantopher","8964 Springs Court","SIN","2023-02-20"
90,"Anthony Schindler","757 Portage Circle","driving licence","2023-09-18"
91,"Kinna Slatten","62 Vernon Pass","driving licence","2022-09-22"
92,"Alessandro Brugden","49 East Park","SSN","2022-09-13"
93,"Melisandra Jeanet","95 Muir Parkway","SIN","2022-07-18"
94,"Izaak Eastbrook","54 Memorial Center","SSN","2024-01-14"
95,"Faydra Langsdon","83735 Towne Parkway","SSN","2023-01-29"
96,"Ronny Dallman","00 Manitowish Center","SSN","2022-11-11"
97,"Laurel Bowling","20 Weeping Birch Avenue","SSN","2022-08-19"
98,"Yettie Masterton","50 Clarendon Junction","driving licence","2023-08-07"
99,"Dominica Storres","186 Pearson Alley","driving licence","2022-10-27"
100,"Mavis Antoszczyk","09 Riverside Street","SIN","2022-08-10"
